"first_name","last_name","Department","Title","Reason"
"Rodrick","Espinola","Sales",,"User already exists"
"Danna","Bearcroft","Sales",,"User already exists"
"Tessie","Slatter","Sales",,"User already exists"
"Lisa","Connikie","Sales",,"User already exists"
"Latia","Mullis","Sales",,"User already exists"
"Bevin","Paxman","Sales",,"OU not found for department 'Sales'"
"Rosana","Leatherborrow","Sales",,"User already exists"
"Orton","Knibb","Sales",,"User already exists"
"Terrell","Robertson","HR",,"OU not found for department 'HR'"
"Sigmund","Francke","Customer_Service",,"OU not found for department 'Customer_Service'"
"Chelsy","Joynt","Customer_Service",,"OU not found for department 'Customer_Service'"
"Adrienne","Threader","Customer_Service",,"OU not found for department 'Customer_Service'"
